"customer_id","customer_first_name","customer_last_name","segment","country","order_quantity_last_30_days","order_quantity_last_6_months","order_quantity_last_12_months","total_quantity_of_orders"
"EP-13915","Emily","Phan","Consumer","United States","2","7","9","17"
"CK-12205","Chloris","Kastensmidt","Consumer","United States","0","3","4","13"
"JE-15745","Joel","Eaton","Consumer","United States","0","2","4","13"
"ZC-21910","Zuschuss","Carroll","Consumer","United States","0","1","4","13"
"PG-18820","Patrick","Gardner","Consumer","United States","0","3","3","13"
"SJ-20125","Sanjit","Jacobs","Home Office","United States","0","3","7","12"
"SH-19975","Sally","Hughsby","Corporate","United States","1","4","5","12"
"PK-19075","Pete","Kriz","Consumer","United States","1","4","5","12"
"DK-12835","Damala","Kotsonis","Corporate","United States","1","4","5","12"
"BP-11095","Bart","Pistole","Corporate","United States","2","3","5","12"
"RB-19465","Rick","Bensley","Home Office","United States","2","3","4","12"
"CS-12250","Chris","Selesnick","Corporate","United States","1","3","4","12"
"BD-11320","Bill","Donatelli","Consumer","United States","0","2","4","12"
"KD-16495","Keith","Dawkins","Corporate","United States","0","2","4","12"
"HG-14965","Henry","Goldwyn","Corporate","United States","1","2","3","12"
"LC-16885","Lena","Creighton","Consumer","United States","1","2","3","12"
"KL-16645","Ken","Lonsdale","Consumer","United States","0","1","3","12"
"NS-18640","Noel","Staavos","Corporate","United States","0","1","3","12"
"RP-19390","Resi","Pölking","Consumer","United States","0","1","2","12"
"EA-14035","Erin","Ashbrook","Corporate","United States","0","1","2","12"
"CL-12565","Clay","Ludtke","Consumer","United States","0","0","2","12"
"KB-16585","Ken","Black","Corporate","United States","0","0","2","12"
"AH-10690","Anna","Häberlin","Corporate","United States","0","0","0","12"
"Dp-13240","Dean","percer","Home Office","United States","0","5","6","11"
"CS-12355","Christine","Sundaresam","Consumer","United States","1","4","6","11"
"PO-18850","Patrick","O'Brill","Consumer","United States","1","5","5","11"
"SZ-20035","Sam","Zeldin","Home Office","United States","0","4","5","11"
"GA-14725","Guy","Armstrong","Consumer","United States","1","3","5","11"
"BM-11650","Brian","Moss","Corporate","United States","0","3","5","11"
"XP-21865","Xylona","Preis","Consumer","United States","0","4","4","11"
"CS-11950","Carlos","Soltero","Consumer","United States","1","3","4","11"
"SE-20110","Sanjit","Engle","Consumer","United States","1","3","4","11"
"CK-12595","Clytie","Kelty","Consumer","United States","0","2","4","11"
"GT-14710","Greg","Tran","Consumer","United States","0","2","4","11"
"MA-17560","Matt","Abelman","Home Office","United States","0","3","3","11"
"CC-12220","Chris","Cortes","Consumer","United States","1","2","3","11"
"JG-15160","James","Galang","Consumer","United States","1","2","3","11"
"SM-20950","Suzanne","McNair","Corporate","United States","1","2","3","11"
"SC-20725","Steven","Cartwright","Consumer","United States","0","0","3","11"
"BF-11170","Ben","Ferrer","Home Office","United States","1","1","2","11"
"GB-14530","George","Bell","Corporate","United States","0","1","2","11"
"LA-16780","Laura","Armstrong","Corporate","United States","0","1","1","11"
"JD-15895","Jonathan","Doherty","Corporate","United States","0","0","0","11"
"FH-14275","Frank","Hawley","Corporate","United States","0","4","6","10"
"SH-20395","Shahid","Hopkins","Consumer","United States","1","3","6","10"
"HM-14860","Harry","Marie","Corporate","United States","1","4","5","10"
"JL-15835","John","Lee","Consumer","United States","1","3","5","10"
"ME-17320","Maria","Etezadi","Home Office","United States","0","3","5","10"
"AH-10075","Adam","Hart","Corporate","United States","0","3","5","10"
"AB-10105","Adrian","Barton","Consumer","United States","0","3","5","10"
"KT-16480","Kean","Thornton","Consumer","United States","0","2","5","10"
"SA-20830","Sue","Ann","Consumer","United States","0","1","5","10"
"JB-15400","Jennifer","Braxton","Corporate","United States","1","4","4","10"
"SV-20365","Seth","Vernon","Consumer","United States","0","4","4","10"
"MM-17920","Michael","Moore","Consumer","United States","2","3","4","10"
"AI-10855","Arianne","Irving","Consumer","United States","2","3","4","10"
"CC-12430","Chuck","Clark","Home Office","United States","1","3","4","10"
"AT-10735","Annie","Thurman","Consumer","United States","1","3","4","10"
"MB-17305","Maria","Bertelson","Consumer","United States","0","3","4","10"
"PW-19030","Pauline","Webber","Corporate","United States","0","2","4","10"
"FO-14305","Frank","Olsen","Consumer","United States","0","2","4","10"
"DB-13210","Dean","Braden","Consumer","United States","2","3","3","10"
"MC-18100","Mick","Crebagga","Consumer","United States","0","3","3","10"
"JM-16195","Justin","MacKendrick","Consumer","United States","0","3","3","10"
"GM-14500","Gene","McClure","Consumer","United States","0","3","3","10"
"WB-21850","William","Brown","Consumer","United States","1","2","3","10"
"VW-21775","Victoria","Wilson","Corporate","United States","1","2","3","10"
"EB-13750","Edward","Becker","Corporate","United States","0","2","3","10"
"AG-10900","Arthur","Gainer","Consumer","United States","0","2","3","10"
"AP-10915","Arthur","Prichep","Consumer","United States","0","2","3","10"
"MY-18295","Muhammed","Yedwab","Corporate","United States","0","2","3","10"
"JE-15715","Joe","Elijah","Consumer","United States","0","2","3","10"
"SP-20860","Sung","Pak","Corporate","United States","0","2","3","10"
"FM-14215","Filia","McAdams","Corporate","United States","1","1","3","10"
"RD-19720","Roger","Demir","Consumer","United States","1","1","3","10"
"EH-14125","Eugene","Hildebrand","Home Office","United States","0","1","3","10"
"JK-16120","Julie","Kriz","Home Office","United States","0","1","3","10"
"EB-13870","Emily","Burns","Consumer","United States","0","1","3","10"
"JF-15490","Jeremy","Farry","Consumer","United States","0","1","3","10"
"SC-20695","Steve","Chapman","Corporate","United States","0","2","2","10"
"PP-18955","Paul","Prost","Home Office","United States","0","1","2","10"
"EH-13765","Edward","Hooks","Corporate","United States","0","1","2","10"
"BM-11785","Bryan","Mills","Consumer","United States","0","0","2","10"
"NM-18520","Neoma","Murray","Consumer","United States","0","0","1","10"
"MS-17365","Maribeth","Schnelling","Consumer","United States","0","0","1","10"
"MH-18115","Mick","Hernandez","Home Office","United States","1","3","8","9"
"CV-12805","Cynthia","Voltz","Corporate","United States","1","2","7","9"
"TD-20995","Tamara","Dahlen","Consumer","United States","0","4","6","9"
"AH-10210","Alan","Hwang","Consumer","United States","1","4","5","9"
"CS-12400","Christopher","Schild","Home Office","United States","1","4","5","9"
"CB-12025","Cassandra","Brandow","Consumer","United States","0","4","5","9"
"DC-12850","Dan","Campbell","Consumer","United States","0","3","5","9"
"SC-20380","Shahid","Collister","Consumer","United States","1","2","5","9"
"MG-17890","Michael","Granlund","Home Office","United States","0","2","5","9"
"JC-15775","John","Castell","Consumer","United States","0","1","5","9"
"BP-11185","Ben","Peterman","Corporate","United States","3","4","4","9"
"LC-17140","Logan","Currie","Consumer","United States","2","4","4","9"
"BB-11545","Brenda","Bowman","Corporate","United States","1","4","4","9"
"FM-14290","Frank","Merwin","Home Office","United States","0","4","4","9"
"CC-12475","Cindy","Chapman","Consumer","United States","0","4","4","9"
"KH-16630","Ken","Heidel","Corporate","United States","0","4","4","9"
"SP-20620","Stefania","Perrino","Corporate","United States","0","4","4","9"
"RA-19285","Ralph","Arnett","Consumer","United States","2","3","4","9"
"SC-20050","Sample","Company","Home Office","United States","0","3","4","9"
"GG-14650","Greg","Guthrie","Corporate","United States","0","3","4","9"
"ND-18370","Natalie","DeCherney","Consumer","United States","1","2","4","9"
"MV-17485","Mark","Van","Consumer","United States","1","2","4","9"
"DR-12880","Dan","Reichenbach","Corporate","United States","1","2","4","9"
"PG-18895","Paul","Gonzalez","Consumer","United States","0","2","4","9"
"JP-16135","Julie","Prescott","Home Office","United States","0","1","4","9"
"DO-13435","Denny","Ordway","Consumer","United States","0","1","4","9"
"GH-14410","Gary","Hansen","Home Office","United States","0","1","4","9"
"NB-18655","Nona","Balk","Corporate","United States","1","3","3","9"
"LS-16975","Lindsay","Shagiari","Home Office","United States","1","3","3","9"
"SF-20200","Sarah","Foster","Consumer","United States","0","3","3","9"
"SF-20965","Sylvia","Foulston","Corporate","United States","0","3","3","9"
"TP-21130","Theone","Pippenger","Consumer","United States","2","2","3","9"
"AS-10090","Adam","Shillingsburg","Consumer","United States","1","2","3","9"
"TB-21625","Trudy","Brown","Consumer","United States","1","2","3","9"
"GZ-14470","Gary","Zandusky","Consumer","United States","1","2","3","9"
"ES-14080","Erin","Smith","Corporate","United States","1","2","3","9"
"MM-18280","Muhammed","MacIntyre","Corporate","United States","0","2","3","9"
"JO-15145","Jack","O'Briant","Corporate","United States","0","2","3","9"
"EB-13705","Ed","Braxton","Corporate","United States","0","2","3","9"
"NZ-18565","Nick","Zandusky","Home Office","United States","0","2","3","9"
"JK-15730","Joe","Kamberova","Consumer","United States","0","2","3","9"
"RD-19585","Rob","Dowd","Consumer","United States","0","2","3","9"
"AB-10255","Alejandro","Ballentine","Home Office","United States","0","1","3","9"
"PO-19180","Philisse","Overcash","Home Office","United States","0","1","3","9"
"TC-21475","Tony","Chapman","Home Office","United States","0","1","3","9"
"AA-10375","Allen","Armold","Consumer","United States","1","2","2","9"
"LH-16900","Lena","Hernandez","Consumer","United States","1","2","2","9"
"RA-19915","Russell","Applegate","Consumer","United States","1","2","2","9"
"TB-21520","Tracy","Blumstein","Consumer","United States","0","2","2","9"
"MP-17965","Michael","Paige","Corporate","United States","0","2","2","9"
"DK-13225","Dean","Katz","Corporate","United States","1","1","2","9"
"QJ-19255","Quincy","Jones","Corporate","United States","1","1","2","9"
"DS-13180","David","Smith","Corporate","United States","1","1","2","9"
"RW-19630","Rob","Williams","Corporate","United States","0","1","2","9"
"ML-17395","Marina","Lichtenstein","Corporate","United States","0","1","2","9"
"CK-12760","Cyma","Kinney","Corporate","United States","0","1","2","9"
"FM-14380","Fred","McMath","Consumer","United States","0","1","2","9"
"SD-20485","Shirley","Daniels","Home Office","United States","0","0","2","9"
"BC-11125","Becky","Castell","Home Office","United States","0","0","2","9"
"DP-13390","Dennis","Pardue","Home Office","United States","0","0","2","9"
"GK-14620","Grace","Kelly","Corporate","United States","0","1","1","9"
"JK-15640","Jim","Kriz","Home Office","United States","0","1","1","9"
"MS-17770","Maxwell","Schwartz","Consumer","United States","0","1","1","9"
"RD-19900","Ruben","Dartt","Consumer","United States","0","1","1","9"
"KB-16315","Karl","Braun","Consumer","United States","0","0","1","9"
"SC-20095","Sanjit","Chand","Consumer","United States","0","0","1","9"
"SV-20785","Stewart","Visinsky","Consumer","United States","0","0","1","9"
"LH-17155","Logan","Haushalter","Consumer","United States","0","0","0","9"
"SP-20650","Stephanie","Phelps","Corporate","United States","0","0","0","9"
"ON-18715","Odella","Nelson","Corporate","United States","0","0","0","9"
"DJ-13510","Don","Jones","Corporate","United States","0","3","6","8"
"SV-20935","Susan","Vittorini","Consumer","United States","3","4","5","8"
"TC-21295","Toby","Carlisle","Consumer","United States","1","4","5","8"
"SS-20140","Saphhira","Shifley","Corporate","United States","1","3","5","8"
"KN-16390","Katherine","Nockton","Corporate","United States","1","3","5","8"
"YS-21880","Yana","Sorensen","Corporate","United States","1","3","5","8"
"JA-15970","Joseph","Airdo","Consumer","United States","0","3","5","8"
"RS-19765","Roland","Schwarz","Corporate","United States","0","3","5","8"
"MO-17800","Meg","O'Connel","Home Office","United States","0","2","5","8"
"FH-14365","Fred","Hopkins","Corporate","United States","1","4","4","8"
"CA-12265","Christina","Anderson","Consumer","United States","0","4","4","8"
"DP-13105","Dave","Poirier","Corporate","United States","2","3","4","8"
"DB-12910","Daniel","Byrd","Home Office","United States","2","3","4","8"
"KL-16555","Kelly","Lampkin","Corporate","United States","1","3","4","8"
"BF-11020","Barry","Französisch","Corporate","United States","0","3","4","8"
"AB-10060","Adam","Bellavance","Home Office","United States","0","3","4","8"
"DL-13495","Dionis","Lloyd","Corporate","United States","0","3","4","8"
"MM-18055","Michelle","Moray","Consumer","United States","0","3","4","8"
"ME-17725","Max","Engle","Consumer","United States","2","2","4","8"
"AD-10180","Alan","Dominguez","Home Office","United States","1","2","4","8"
"PN-18775","Parhena","Norris","Home Office","United States","1","2","4","8"
"AB-10165","Alan","Barnes","Consumer","United States","1","2","4","8"
"RL-19615","Rob","Lucas","Consumer","United States","0","2","4","8"
"MC-17605","Matt","Connell","Corporate","United States","0","1","4","8"
"CJ-12010","Caroline","Jumper","Consumer","United States","0","0","4","8"
"BG-11035","Barry","Gonzalez","Consumer","United States","1","3","3","8"
"DK-13375","Dennis","Kane","Consumer","United States","1","3","3","8"
"AR-10825","Anthony","Rawles","Corporate","United States","0","3","3","8"
"MK-17905","Michael","Kennedy","Corporate","United States","1","2","3","8"
"MC-17575","Matt","Collins","Consumer","United States","1","2","3","8"
"LC-16870","Lena","Cacioppo","Consumer","United States","1","2","3","8"
"CB-12415","Christy","Brittain","Consumer","United States","1","2","3","8"
"RD-19810","Ross","DeVincentis","Home Office","United States","1","2","3","8"
"DL-13315","Delfina","Latchford","Consumer","United States","1","2","3","8"
"MP-18175","Mike","Pelletier","Home Office","United States","1","2","3","8"
"RD-19480","Rick","Duston","Consumer","United States","0","2","3","8"
"CP-12085","Cathy","Prescott","Corporate","United States","0","2","3","8"
"KH-16330","Katharine","Harms","Corporate","United States","0","2","3","8"
"PS-18970","Paul","Stevenson","Home Office","United States","0","2","3","8"
"PJ-18835","Patrick","Jones","Corporate","United States","0","2","3","8"
"LC-16930","Linda","Cazamias","Corporate","United States","0","2","3","8"
"EM-13825","Elizabeth","Moffitt","Corporate","United States","0","2","3","8"
"RB-19795","Ross","Baird","Home Office","United States","0","2","3","8"
"BH-11710","Brosina","Hoffman","Consumer","United States","1","1","3","8"
"BW-11110","Bart","Watters","Corporate","United States","0","1","3","8"
"CT-11995","Carol","Triggs","Consumer","United States","0","1","3","8"
"TH-21235","Tiffany","House","Corporate","United States","0","1","3","8"
"AM-10705","Anne","McFarland","Consumer","United States","0","1","3","8"
"HK-14890","Heather","Kirkland","Corporate","United States","0","1","3","8"
"DP-13000","Darren","Powers","Consumer","United States","0","1","3","8"
"FP-14320","Frank","Preis","Consumer","United States","1","2","2","8"
"HA-14920","Helen","Andreada","Consumer","United States","1","2","2","8"
"DR-12940","Daniel","Raglin","Home Office","United States","0","2","2","8"
"LT-17110","Liz","Thompson","Consumer","United States","0","2","2","8"
"DM-13345","Denise","Monton","Corporate","United States","1","1","2","8"
"JD-16150","Justin","Deggeller","Corporate","United States","0","1","2","8"
"DB-13270","Deborah","Brumfield","Home Office","United States","0","1","2","8"
"KM-16375","Katherine","Murray","Home Office","United States","0","1","2","8"
"LB-16795","Laurel","Beltran","Home Office","United States","0","1","2","8"
"ED-13885","Emily","Ducich","Home Office","United States","0","1","2","8"
"SC-20260","Scott","Cohen","Corporate","United States","0","0","2","8"
"CB-12535","Claudia","Bergmann","Corporate","United States","0","0","2","8"
"TT-21220","Thomas","Thornton","Consumer","United States","0","0","2","8"
"EH-13945","Eric","Hoffmann","Consumer","United States","0","0","2","8"
"KM-16720","Kunst","Miller","Consumer","United States","1","1","1","8"
"JF-15565","Jill","Fjeld","Consumer","United States","0","1","1","8"
"PB-19150","Philip","Brown","Consumer","United States","0","1","1","8"
"MC-17275","Marc","Crier","Consumer","United States","0","1","1","8"
"SR-20740","Steven","Roelle","Home Office","United States","0","0","1","8"
"SG-20470","Sheri","Gordon","Consumer","United States","0","0","1","8"
"RF-19345","Randy","Ferguson","Corporate","United States","0","0","0","8"
"DO-13645","Doug","O'Connell","Consumer","United States","1","6","6","7"
"ML-17755","Max","Ludwig","Home Office","United States","2","3","6","7"
"FG-14260","Frank","Gastineau","Home Office","United States","0","5","5","7"
"MY-17380","Maribeth","Yedwab","Corporate","United States","1","4","5","7"
"JB-16000","Joy","Bell-","Consumer","United States","0","4","5","7"
"TT-21460","Tonja","Turnell","Home Office","United States","1","3","5","7"
"DB-13660","Duane","Benoit","Consumer","United States","1","2","5","7"
"KF-16285","Karen","Ferguson","Home Office","United States","0","2","5","7"
"EH-14005","Erica","Hernandez","Home Office","United States","2","3","4","7"
"PO-18865","Patrick","O'Donnell","Consumer","United States","2","3","4","7"
"NC-18535","Nick","Crebassa","Corporate","United States","2","3","4","7"
"MG-17650","Matthew","Grinstein","Home Office","United States","1","3","4","7"
"RW-19540","Rick","Wilson","Corporate","United States","0","3","4","7"
"JE-15610","Jim","Epp","Corporate","United States","0","3","4","7"
"AG-10675","Anna","Gayman","Consumer","United States","0","3","4","7"
"NK-18490","Neil","Knudson","Home Office","United States","0","3","4","7"
"AS-10045","Aaron","Smayling","Corporate","United States","0","3","4","7"
"DK-13090","Dave","Kipp","Consumer","United States","0","3","4","7"
"GM-14440","Gary","McGarr","Consumer","United States","0","2","4","7"
"HW-14935","Helen","Wasserman","Corporate","United States","0","2","4","7"
"DB-13555","Dorothy","Badders","Corporate","United States","0","2","4","7"
"AH-10120","Adrian","Hane","Home Office","United States","0","2","4","7"
"TS-21610","Troy","Staebel","Consumer","United States","0","2","4","7"
"KB-16600","Ken","Brennan","Corporate","United States","2","3","3","7"
"MC-17845","Michael","Chen","Consumer","United States","2","3","3","7"
"KB-16240","Karen","Bern","Corporate","United States","1","3","3","7"
"SC-20440","Shaun","Chance","Corporate","United States","0","3","3","7"
"JK-15370","Jay","Kimmel","Consumer","United States","0","3","3","7"
"DM-13015","Darrin","Martin","Consumer","United States","0","3","3","7"
"HG-15025","Hunter","Glantz","Consumer","United States","1","2","3","7"
"LW-17215","Luke","Weiss","Consumer","United States","1","2","3","7"
"BS-11755","Bruce","Stewart","Consumer","United States","1","2","3","7"
"BP-11290","Beth","Paige","Consumer","United States","1","2","3","7"
"SU-20665","Stephanie","Ulpright","Home Office","United States","1","2","3","7"
"KA-16525","Kelly","Andreada","Consumer","United States","0","2","3","7"
"KN-16705","Kristina","Nunn","Home Office","United States","0","2","3","7"
"DB-13615","Doug","Bickford","Consumer","United States","0","2","3","7"
"AF-10870","Art","Ferguson","Consumer","United States","0","2","3","7"
"TW-21025","Tamara","Willingham","Home Office","United States","0","2","3","7"
"TH-21550","Tracy","Hopkins","Home Office","United States","0","2","3","7"
"FC-14245","Frank","Carlisle","Home Office","United States","0","2","3","7"
"VM-21685","Valerie","Mitchum","Home Office","United States","0","2","3","7"
"JH-15910","Jonathan","Howell","Consumer","United States","0","1","3","7"
"MB-18085","Mick","Brown","Consumer","United States","0","1","3","7"
"AS-10630","Ann","Steele","Home Office","United States","0","1","3","7"
"PS-19045","Penelope","Sewall","Home Office","United States","0","0","3","7"
"DW-13585","Dorothy","Wardle","Corporate","United States","0","0","3","7"
"TC-21535","Tracy","Collins","Home Office","United States","2","2","2","7"
"JP-15520","Jeremy","Pistek","Consumer","United States","2","2","2","7"
"GW-14605","Giulietta","Weimer","Consumer","United States","1","2","2","7"
"KE-16420","Katrina","Edelman","Corporate","United States","1","2","2","7"
"AC-10450","Amy","Cox","Consumer","United States","1","2","2","7"
"BT-11680","Brian","Thompson","Consumer","United States","1","2","2","7"
"AW-10930","Arthur","Wiediger","Home Office","United States","0","2","2","7"
"SB-20290","Sean","Braxton","Corporate","United States","0","2","2","7"
"JM-15535","Jessica","Myrick","Consumer","United States","0","2","2","7"
"HA-14905","Helen","Abelman","Consumer","United States","0","2","2","7"
"NF-18595","Nicole","Fjeld","Home Office","United States","0","2","2","7"
"TT-21070","Ted","Trevino","Consumer","United States","0","2","2","7"
"CY-12745","Craig","Yedwab","Corporate","United States","0","2","2","7"
"RO-19780","Rose","O'Brian","Consumer","United States","0","2","2","7"
"SF-20065","Sandra","Flanagan","Consumer","United States","0","2","2","7"
"RF-19735","Roland","Fjeld","Consumer","United States","0","2","2","7"
"CC-12670","Craig","Carreira","Consumer","United States","1","1","2","7"
"RP-19855","Roy","Phan","Corporate","United States","1","1","2","7"
"RF-19840","Roy","Französisch","Consumer","United States","1","1","2","7"
"KH-16690","Kristen","Hastings","Corporate","United States","1","1","2","7"
"LF-17185","Luke","Foster","Consumer","United States","1","1","2","7"
"HP-14815","Harold","Pawlan","Home Office","United States","1","1","2","7"
"MJ-17740","Max","Jones","Consumer","United States","1","1","2","7"
"NP-18700","Nora","Preis","Consumer","United States","0","1","2","7"
"HR-14830","Harold","Ryan","Corporate","United States","0","1","2","7"
"AJ-10780","Anthony","Jacobs","Corporate","United States","0","1","2","7"
"JP-15460","Jennifer","Patt","Corporate","United States","0","1","2","7"
"TM-21010","Tamara","Manning","Consumer","United States","0","1","2","7"
"JM-15865","John","Murray","Consumer","United States","0","1","2","7"
"SC-20770","Stewart","Carmichael","Corporate","United States","0","1","2","7"
"CA-12775","Cynthia","Arntzen","Consumer","United States","0","1","2","7"
"CP-12340","Christine","Phan","Corporate","United States","0","1","2","7"
"MH-17455","Mark","Hamilton","Consumer","United States","0","1","2","7"
"SW-20245","Scot","Wooten","Consumer","United States","0","1","2","7"
"DL-12865","Dan","Lawera","Consumer","United States","0","1","2","7"
"DB-13120","David","Bremer","Corporate","United States","0","1","2","7"
"ST-20530","Shui","Tom","Consumer","United States","0","1","2","7"
"FC-14335","Fred","Chung","Corporate","United States","0","0","2","7"
"MV-18190","Mike","Vittorini","Consumer","United States","1","1","1","7"
"MW-18220","Mitch","Webber","Consumer","United States","1","1","1","7"
"HF-14995","Herbert","Flentye","Consumer","United States","1","1","1","7"
"AH-10030","Aaron","Hawkins","Corporate","United States","1","1","1","7"
"JK-15625","Jim","Karlsson","Consumer","United States","0","1","1","7"
"RB-19435","Richard","Bierner","Consumer","United States","0","1","1","7"
"BF-10975","Barbara","Fisher","Corporate","United States","0","1","1","7"
"SN-20710","Steve","Nguyen","Home Office","United States","0","1","1","7"
"CC-12610","Corey","Catlett","Corporate","United States","0","1","1","7"
"NM-18445","Nathan","Mautz","Home Office","United States","0","1","1","7"
"DM-12955","Dario","Medina","Corporate","United States","0","1","1","7"
"AJ-10795","Anthony","Johnson","Corporate","United States","0","1","1","7"
"CC-12145","Charles","Crestani","Consumer","United States","0","1","1","7"
"FA-14230","Frank","Atkinson","Corporate","United States","0","1","1","7"
"AG-10495","Andrew","Gjertsen","Corporate","United States","0","1","1","7"
"NW-18400","Natalie","Webber","Consumer","United States","0","1","1","7"
"VP-21760","Victoria","Pisteka","Corporate","United States","0","1","1","7"
"MH-17785","Maya","Herman","Corporate","United States","0","1","1","7"
"TN-21040","Tanja","Norvell","Home Office","United States","0","1","1","7"
"IL-15100","Ivan","Liston","Consumer","United States","0","1","1","7"
"DN-13690","Duane","Noonan","Consumer","United States","0","0","1","7"
"TB-21250","Tim","Brockman","Consumer","United States","0","0","1","7"
"TS-21205","Thomas","Seio","Corporate","United States","0","0","1","7"
"KT-16465","Kean","Takahito","Consumer","United States","0","0","0","7"
"PW-19240","Pierre","Wener","Consumer","United States","0","0","0","7"
"IM-15070","Irene","Maddox","Consumer","United States","0","0","0","7"
"JM-15250","Janet","Martin","Consumer","United States","0","3","5","6"
"LW-16990","Lindsay","Williams","Corporate","United States","0","2","5","6"
"CM-12160","Charles","McCrossin","Consumer","United States","1","4","4","6"
"TS-21505","Tony","Sayre","Consumer","United States","1","4","4","6"
"JW-15220","Jane","Waco","Corporate","United States","0","4","4","6"
"JW-15955","Joni","Wasserman","Consumer","United States","1","3","4","6"
"SW-20275","Scott","Williamson","Consumer","United States","1","3","4","6"
"SO-20335","Sean","O'Donnell","Consumer","United States","1","2","4","6"
"SC-20305","Sean","Christensen","Consumer","United States","1","2","4","6"
"LP-17095","Liz","Preis","Consumer","United States","1","2","4","6"
"JF-15355","Jay","Fein","Consumer","United States","0","2","4","6"
"BP-11155","Becky","Pak","Consumer","United States","0","2","4","6"
"JF-15190","Jamie","Frazer","Consumer","United States","0","2","4","6"
"BD-11725","Bruce","Degenhardt","Consumer","United States","0","2","4","6"
"KM-16225","Kalyca","Meade","Corporate","United States","2","3","3","6"
"JG-15310","Jason","Gross","Corporate","United States","2","3","3","6"
"CM-12190","Charlotte","Melton","Consumer","United States","1","3","3","6"
"JS-16030","Joy","Smith","Consumer","United States","1","2","3","6"
"SJ-20215","Sarah","Jordon","Consumer","United States","1","2","3","6"
"JD-16015","Joy","Daniels","Consumer","United States","0","2","3","6"
"CS-11860","Cari","Schnelling","Consumer","United States","0","2","3","6"
"LS-17200","Luke","Schmidt","Corporate","United States","0","2","3","6"
"JL-15505","Jeremy","Lonsdale","Consumer","United States","0","2","3","6"
"TS-21370","Todd","Sumrall","Corporate","United States","0","2","3","6"
"RB-19360","Raymond","Buch","Consumer","United States","0","2","3","6"
"VG-21790","Vivek","Gonzalez","Consumer","United States","0","2","3","6"
"MN-17935","Michael","Nguyen","Consumer","United States","0","2","3","6"
"DD-13570","Dorothy","Dickinson","Consumer","United States","0","2","3","6"
"JL-15130","Jack","Lebron","Consumer","United States","1","1","3","6"
"BM-11575","Brendan","Murry","Corporate","United States","0","1","3","6"
"PJ-19015","Pauline","Johnson","Consumer","United States","0","1","3","6"
"CM-11815","Candace","McMahon","Corporate","United States","0","1","3","6"
"MD-17350","Maribeth","Dona","Consumer","United States","0","1","3","6"
"LS-16945","Linda","Southworth","Corporate","United States","0","1","3","6"
"ND-18460","Neil","Ducich","Corporate","United States","0","0","3","6"
"NH-18610","Nicole","Hansen","Corporate","United States","0","0","3","6"
"GM-14455","Gary","Mitchum","Home Office","United States","1","2","2","6"
"KH-16510","Keith","Herrera","Consumer","United States","1","2","2","6"
"DB-13060","Dave","Brooks","Consumer","United States","1","2","2","6"
"BK-11260","Berenike","Kampe","Consumer","United States","0","2","2","6"
"DW-13195","David","Wiener","Corporate","United States","0","2","2","6"
"HL-15040","Hunter","Lopez","Consumer","United States","0","2","2","6"
"RA-19885","Ruben","Ausman","Corporate","United States","0","2","2","6"
"NF-18385","Natalie","Fritzler","Consumer","United States","0","2","2","6"
"SW-20455","Shaun","Weien","Consumer","United States","0","2","2","6"
"SL-20155","Sara","Luxemburg","Home Office","United States","0","2","2","6"
"SS-20410","Shahid","Shariari","Consumer","United States","0","2","2","6"
"BG-11695","Brooke","Gillingham","Corporate","United States","0","2","2","6"
"LE-16810","Laurel","Elliston","Consumer","United States","1","1","2","6"
"KH-16360","Katherine","Hughes","Consumer","United States","1","1","2","6"
"CW-11905","Carl","Weiss","Home Office","United States","1","1","2","6"
"AR-10540","Andy","Reiter","Consumer","United States","1","1","2","6"
"BD-11605","Brian","Dahlen","Consumer","United States","0","1","2","6"
"CA-11965","Carol","Adams","Corporate","United States","0","1","2","6"
"BG-11740","Bruce","Geld","Consumer","United States","0","1","2","6"
"VB-21745","Victoria","Brennan","Corporate","United States","0","1","2","6"
"SN-20560","Skye","Norling","Home Office","United States","0","1","2","6"
"PS-18760","Pamela","Stobb","Consumer","United States","0","1","2","6"
"MT-17815","Meg","Tillman","Consumer","United States","0","1","2","6"
"BD-11500","Bradley","Drucker","Consumer","United States","0","1","2","6"
"BD-11620","Brian","DeCherney","Consumer","United States","0","1","2","6"
"SP-20920","Susan","Pistek","Consumer","United States","0","1","2","6"
"EH-14185","Evan","Henry","Consumer","United States","0","1","2","6"
"JH-15820","John","Huston","Consumer","United States","0","1","2","6"
"KD-16345","Katherine","Ducich","Consumer","United States","0","1","2","6"
"CG-12040","Catherine","Glotzbach","Home Office","United States","0","1","2","6"
"BD-11770","Bryan","Davis","Consumer","United States","0","0","2","6"
"BW-11200","Ben","Wallace","Consumer","United States","0","0","2","6"
"SB-20185","Sarah","Brown","Consumer","United States","0","0","2","6"
"TB-21400","Tom","Boeckenhauer","Consumer","United States","0","0","2","6"
"JH-15985","Joseph","Holt","Consumer","United States","1","1","1","6"
"AS-10285","Alejandro","Savely","Corporate","United States","1","1","1","6"
"MS-17980","Michael","Stewart","Corporate","United States","1","1","1","6"
"NP-18325","Naresj","Patel","Consumer","United States","1","1","1","6"
"LR-16915","Lena","Radford","Consumer","United States","1","1","1","6"
"AA-10645","Anna","Andreadi","Consumer","United States","0","1","1","6"
"EB-14110","Eugene","Barchas","Consumer","United States","0","1","1","6"
"MC-17590","Matt","Collister","Corporate","United States","0","1","1","6"
"SC-20680","Steve","Carroll","Home Office","United States","0","1","1","6"
"LS-17245","Lynn","Smith","Consumer","United States","0","1","1","6"
"NC-18415","Nathan","Cano","Consumer","United States","0","1","1","6"
"AP-10720","Anne","Pryor","Home Office","United States","0","1","1","6"
"PA-19060","Pete","Armstrong","Home Office","United States","0","1","1","6"
"EB-14170","Evan","Bailliet","Consumer","United States","0","1","1","6"
"AJ-10945","Ashley","Jarboe","Consumer","United States","0","1","1","6"
"JO-15280","Jas","O'Carroll","Consumer","United States","0","1","1","6"
"RR-19525","Rick","Reed","Corporate","United States","0","1","1","6"
"BS-11590","Brendan","Sweed","Corporate","United States","0","1","1","6"
"CS-12505","Cindy","Stewart","Consumer","United States","0","1","1","6"
"EM-14140","Eugene","Moren","Home Office","United States","0","1","1","6"
"DL-12925","Daniel","Lacy","Consumer","United States","0","1","1","6"
"GM-14680","Greg","Matthias","Consumer","United States","0","1","1","6"
"AZ-10750","Annie","Zypern","Consumer","United States","0","1","1","6"
"SP-20545","Sibella","Parks","Corporate","United States","0","0","1","6"
"JE-15475","Jeremy","Ellison","Consumer","United States","0","0","1","6"
"RM-19375","Raymond","Messe","Consumer","United States","0","0","1","6"
"MZ-17515","Mary","Zewe","Corporate","United States","0","0","1","6"
"PF-19165","Philip","Fox","Consumer","United States","0","0","1","6"
"JG-15805","John","Grady","Corporate","United States","0","0","1","6"
"BT-11395","Bill","Tyler","Corporate","United States","0","0","1","6"
"MA-17995","Michelle","Arnett","Home Office","United States","0","0","1","6"
"MS-17710","Maurice","Satty","Consumer","United States","0","0","0","6"
"TS-21160","Theresa","Swint","Corporate","United States","0","0","0","6"
"RC-19825","Roy","Collins","Consumer","United States","0","0","0","6"
"JL-15850","John","Lucas","Consumer","United States","0","0","0","6"
"TB-21280","Toby","Braunhardt","Consumer","United States","0","0","0","6"
"KC-16255","Karen","Carlisle","Corporate","United States","0","0","0","6"
"VD-21670","Valerie","Dominguez","Consumer","United States","0","0","0","6"
"EH-13990","Erica","Hackney","Consumer","United States","0","0","0","6"
"SS-20590","Sonia","Sunley","Consumer","United States","0","0","0","6"
"RH-19510","Rick","Huthwaite","Home Office","United States","0","0","0","6"
"MP-17470","Mark","Packer","Home Office","United States","0","0","0","6"
"AG-10330","Alex","Grayson","Consumer","United States","4","4","4","5"
"SR-20425","Sharelle","Roach","Home Office","United States","1","3","4","5"
"HZ-14950","Henia","Zydlo","Consumer","United States","0","3","4","5"
"MD-17860","Michael","Dominguez","Corporate","United States","0","3","4","5"
"AC-10615","Ann","Chong","Corporate","United States","1","2","4","5"
"ML-17410","Maris","LaWare","Consumer","United States","0","2","4","5"
"RW-19690","Robert","Waldorf","Consumer","United States","0","2","4","5"
"DK-12895","Dana","Kaydos","Consumer","United States","0","3","3","5"
"RH-19495","Rick","Hansen","Consumer","United States","0","3","3","5"
"DV-13045","Darrin","Van","Corporate","United States","2","2","3","5"
"VF-21715","Vicky","Freymann","Home Office","United States","1","2","3","5"
"BS-11380","Bill","Stewart","Corporate","United States","1","2","3","5"
"LO-17170","Lori","Olson","Corporate","United States","1","2","3","5"
"EG-13900","Emily","Grady","Consumer","United States","1","2","3","5"
"BE-11335","Bill","Eplett","Home Office","United States","0","2","3","5"
"DW-13540","Don","Weiss","Consumer","United States","0","2","3","5"
"RS-19420","Ricardo","Sperren","Corporate","United States","0","2","3","5"
"EJ-14155","Eva","Jacobs","Consumer","United States","0","2","3","5"
"TP-21415","Tom","Prescott","Consumer","United States","0","2","3","5"
"MH-18025","Michelle","Huthwaite","Consumer","United States","0","2","3","5"
"HG-14845","Harry","Greene","Consumer","United States","0","2","3","5"
"NG-18355","Nat","Gilpin","Corporate","United States","0","2","3","5"
"EC-14050","Erin","Creighton","Consumer","United States","0","2","3","5"
"PL-18925","Paul","Lucas","Home Office","United States","1","1","3","5"
"AR-10405","Allen","Rosenblatt","Corporate","United States","0","1","3","5"
"BO-11350","Bill","Overfelt","Corporate","United States","0","1","3","5"
"AS-10225","Alan","Schoenberger","Corporate","United States","1","2","2","5"
"JF-15415","Jennifer","Ferguson","Consumer","United States","1","2","2","5"
"BN-11515","Bradley","Nguyen","Consumer","United States","1","2","2","5"
"JM-15655","Jim","Mitchum","Corporate","United States","1","2","2","5"
"DC-13285","Debra","Catini","Consumer","United States","1","2","2","5"
"JL-15175","James","Lanier","Home Office","United States","1","2","2","5"
"CM-12655","Corinna","Mitchell","Home Office","United States","1","2","2","5"
"CC-12370","Christopher","Conant","Consumer","United States","0","2","2","5"
"KW-16435","Katrina","Willman","Consumer","United States","0","2","2","5"
"PF-19225","Phillip","Flathmann","Consumer","United States","0","2","2","5"
"NP-18670","Nora","Paige","Consumer","United States","0","2","2","5"
"JR-16210","Justin","Ritter","Corporate","United States","0","2","2","5"
"ES-14020","Erica","Smith","Consumer","United States","0","2","2","5"
"AB-10150","Aimee","Bixby","Consumer","United States","0","2","2","5"
"PR-18880","Patrick","Ryan","Consumer","United States","0","2","2","5"
"JC-16105","Julie","Creighton","Corporate","United States","0","2","2","5"
"LC-17050","Liz","Carlisle","Consumer","United States","0","2","2","5"
"LR-17035","Lisa","Ryan","Corporate","United States","0","2","2","5"
"SM-20320","Sean","Miller","Home Office","United States","0","2","2","5"
"AT-10435","Alyssa","Tate","Home Office","United States","1","1","2","5"
"DV-13465","Dianna","Vittorini","Consumer","United States","1","1","2","5"
"RB-19570","Rob","Beeghly","Consumer","United States","1","1","2","5"
"GB-14575","Giulietta","Baptist","Consumer","United States","1","1","2","5"
"DK-12985","Darren","Koutras","Consumer","United States","1","1","2","5"
"AM-10360","Alice","McCarthy","Corporate","United States","1","1","2","5"
"SG-20605","Speros","Goranitis","Consumer","United States","0","1","2","5"
"BB-10990","Barry","Blumstein","Corporate","United States","0","1","2","5"
"OT-18730","Olvera","Toch","Consumer","United States","0","1","2","5"
"BT-11530","Bradley","Talbott","Home Office","United States","0","1","2","5"
"BP-11050","Barry","Pond","Corporate","United States","0","1","2","5"
"BE-11410","Bobby","Elias","Consumer","United States","0","1","2","5"
"TB-21355","Todd","Boyes","Corporate","United States","0","1","2","5"
"JD-15790","John","Dryer","Consumer","United States","0","1","2","5"
"CD-11920","Carlos","Daly","Consumer","United States","0","1","2","5"
"JL-15235","Janet","Lee","Consumer","United States","0","1","2","5"
"CK-12325","Christine","Kargatis","Home Office","United States","0","1","2","5"
"PV-18985","Paul","Van","Home Office","United States","0","1","2","5"
"RA-19945","Ryan","Akin","Consumer","United States","0","1","2","5"
"Dl-13600","Dorris","liebe","Corporate","United States","0","1","2","5"
"CS-11845","Cari","Sayre","Corporate","United States","0","1","2","5"
"GA-14515","George","Ashbrook","Consumer","United States","0","1","2","5"
"CS-12175","Charles","Sheldon","Corporate","United States","0","0","2","5"
"CV-12295","Christina","VanderZanden","Consumer","United States","0","0","2","5"
"LL-16840","Lauren","Leatherbury","Consumer","United States","0","0","2","5"
"JO-15550","Jesus","Ocampo","Home Office","United States","0","0","2","5"
"JF-15295","Jason","Fortune-","Consumer","United States","0","0","2","5"
"NC-18625","Noah","Childs","Corporate","United States","0","0","2","5"
"TS-21655","Trudy","Schmidt","Consumer","United States","0","0","2","5"
"AH-10465","Amy","Hunt","Consumer","United States","0","0","2","5"
"MF-18250","Monica","Federle","Corporate","United States","1","1","1","5"
"JB-16045","Julia","Barnett","Home Office","United States","1","1","1","5"
"AR-10510","Andrew","Roberts","Consumer","United States","1","1","1","5"
"KM-16660","Khloe","Miller","Consumer","United States","1","1","1","5"
"YC-21895","Yoseph","Carroll","Corporate","United States","1","1","1","5"
"RM-19675","Robert","Marley","Home Office","United States","1","1","1","5"
"JM-15580","Jill","Matthias","Consumer","United States","1","1","1","5"
"BP-11230","Benjamin","Patterson","Consumer","United States","0","1","1","5"
"KN-16450","Kean","Nguyen","Corporate","United States","0","1","1","5"
"JM-15265","Janet","Molinari","Corporate","United States","0","1","1","5"
"EB-13930","Eric","Barreto","Consumer","United States","0","1","1","5"
"PO-19195","Phillina","Ober","Home Office","United States","0","1","1","5"
"NG-18430","Nathan","Gelder","Consumer","United States","0","1","1","5"
"HJ-14875","Heather","Jas","Home Office","United States","0","1","1","5"
"EM-13960","Eric","Murdock","Consumer","United States","0","1","1","5"
"TS-21430","Tom","Stivers","Corporate","United States","0","1","1","5"
"SS-20875","Sung","Shariari","Consumer","United States","0","1","1","5"
"VM-21835","Vivian","Mathis","Consumer","United States","0","1","1","5"
"DG-13300","Deirdre","Greer","Corporate","United States","0","1","1","5"
"AG-10390","Allen","Goldenen","Consumer","United States","0","1","1","5"
"LW-16825","Laurel","Workman","Corporate","United States","0","1","1","5"
"EM-13810","Eleni","McCrary","Corporate","United States","0","1","1","5"
"MG-17875","Michael","Grace","Home Office","United States","0","1","1","5"
"AC-10660","Anna","Chung","Consumer","United States","0","0","1","5"
"BV-11245","Benjamin","Venier","Corporate","United States","0","0","1","5"
"AS-10240","Alan","Shonely","Consumer","United States","0","0","1","5"
"NR-18550","Nick","Radford","Consumer","United States","0","0","1","5"
"TR-21325","Toby","Ritter","Consumer","United States","0","0","1","5"
"AG-10270","Alejandro","Grove","Consumer","United States","0","0","1","5"
"TG-21310","Toby","Gnade","Consumer","United States","0","0","1","5"
"TH-21100","Thea","Hendricks","Consumer","United States","0","0","1","5"
"NC-18340","Nat","Carroll","Consumer","United States","0","0","1","5"
"DW-13480","Dianna","Wilson","Home Office","United States","0","0","1","5"
"TS-21340","Toby","Swindell","Consumer","United States","0","0","1","5"
"DB-13360","Dennis","Bolton","Home Office","United States","0","0","1","5"
"AA-10315","Alex","Avila","Consumer","United States","0","0","1","5"
"ZD-21925","Zuschuss","Donatelli","Consumer","United States","0","0","1","5"
"MH-17290","Marc","Harrigan","Home Office","United States","0","0","1","5"
"BT-11305","Beth","Thompson","Home Office","United States","0","0","1","5"
"SJ-20500","Shirley","Jackson","Consumer","United States","0","0","1","5"
"DH-13075","Dave","Hallsten","Corporate","United States","0","0","1","5"
"CD-12790","Cynthia","Delaney","Home Office","United States","0","0","0","5"
"KD-16270","Karen","Daniels","Consumer","United States","0","0","0","5"
"MC-18130","Mike","Caudle","Corporate","United States","0","0","0","5"
"TC-20980","Tamara","Chand","Corporate","United States","0","0","0","5"
"CC-12100","Chad","Cunningham","Home Office","United States","0","0","0","5"
"NP-18685","Nora","Pelletier","Home Office","United States","0","0","0","5"
"MF-17665","Maureen","Fritzler","Corporate","United States","0","0","0","5"
"SC-20020","Sam","Craven","Consumer","United States","0","0","0","5"
"CM-12235","Chris","McAfee","Consumer","United States","0","0","0","5"
"JJ-15445","Jennifer","Jackson","Consumer","United States","0","0","0","5"
"MC-17425","Mark","Cousins","Corporate","United States","0","0","0","5"
"CA-12055","Cathy","Armstrong","Home Office","United States","0","0","0","5"
"RB-19645","Robert","Barroso","Corporate","United States","0","0","0","5"
"BE-11455","Brad","Eason","Home Office","United States","0","0","0","5"
"DE-13255","Deanra","Eno","Home Office","United States","0","0","0","5"
"BS-11365","Bill","Shonely","Corporate","United States","0","0","0","5"
"LM-17065","Liz","MacKendrick","Consumer","United States","0","0","0","5"
"JS-15880","John","Stevenson","Consumer","United States","0","0","0","5"
"JS-15940","Joni","Sundaresam","Home Office","United States","0","0","0","5"
"Co-12640","Corey-Lock","","Consumer","United States","0","0","0","5"
"JH-15430","Jennifer","Halladay","Consumer","United States","1","3","3","4"
"NS-18505","Neola","Schneider","Consumer","United States","1","2","3","4"
"CM-12115","Chad","McGuire","Consumer","United States","1","2","3","4"
"DS-13030","Darrin","Sayre","Home Office","United States","0","1","3","4"
"GZ-14545","George","Zrebassa","Corporate","United States","0","1","3","4"
"CA-12310","Christine","Abelman","Corporate","United States","2","2","2","4"
"AH-10585","Angele","Hood","Consumer","United States","1","2","2","4"
"AW-10840","Anthony","Witt","Consumer","United States","1","2","2","4"
"RB-19705","Roger","Barcio","Home Office","United States","0","2","2","4"
"SC-20575","Sonia","Cooley","Consumer","United States","0","2","2","4"
"AR-10345","Alex","Russell","Corporate","United States","0","2","2","4"
"MG-18145","Mike","Gockenbach","Consumer","United States","0","2","2","4"
"PB-19105","Peter","Bühler","Consumer","United States","0","2","2","4"
"AH-10195","Alan","Haines","Corporate","United States","0","2","2","4"
"TB-21190","Thomas","Brumley","Home Office","United States","0","2","2","4"
"MR-17545","Mathew","Reese","Home Office","United States","0","2","2","4"
"HR-14770","Hallie","Redmond","Home Office","United States","1","1","2","4"
"BN-11470","Brad","Norvell","Corporate","United States","1","1","2","4"
"GD-14590","Giulietta","Dortch","Corporate","United States","1","1","2","4"
"SC-20800","Stuart","Calhoun","Consumer","United States","1","1","2","4"
"MZ-17335","Maria","Zettner","Home Office","United States","1","1","2","4"
"LP-17080","Liz","Pelletier","Consumer","United States","0","1","2","4"
"TB-21055","Ted","Butterfield","Consumer","United States","0","1","2","4"
"MG-17680","Maureen","Gastineau","Home Office","United States","0","1","2","4"
"EM-14065","Erin","Mull","Consumer","United States","0","1","2","4"
"GT-14755","Guy","Thornton","Consumer","United States","0","1","2","4"
"MM-17260","Magdelene","Morse","Consumer","United States","0","1","2","4"
"BF-11215","Benjamin","Farhat","Home Office","United States","0","1","2","4"
"TA-21385","Tom","Ashbrook","Home Office","United States","0","1","2","4"
"CL-11890","Carl","Ludwig","Consumer","United States","0","1","2","4"
"KC-16675","Kimberly","Carter","Corporate","United States","0","1","2","4"
"RD-19930","Russell","D'Ascenzo","Consumer","United States","0","1","2","4"
"CM-12385","Christopher","Martinez","Consumer","United States","0","1","2","4"
"HM-14980","Henry","MacAllister","Consumer","United States","0","0","2","4"
"CL-12700","Craig","Leslie","Home Office","United States","0","0","2","4"
"KD-16615","Ken","Dana","Corporate","United States","0","0","2","4"
"DB-13405","Denny","Blanton","Consumer","United States","0","0","2","4"
"MK-18160","Mike","Kennedy","Consumer","United States","0","0","2","4"
"FH-14350","Fred","Harton","Consumer","United States","0","0","2","4"
"AY-10555","Andy","Yotov","Corporate","United States","1","1","1","4"
"PC-18745","Pamela","Coakley","Corporate","United States","1","1","1","4"
"EB-13975","Erica","Bern","Corporate","United States","1","1","1","4"
"SC-20230","Scot","Coram","Corporate","United States","0","1","1","4"
"PM-19135","Peter","McVee","Home Office","United States","0","1","1","4"
"ME-18010","Michelle","Ellison","Corporate","United States","0","1","1","4"
"TZ-21580","Tracy","Zic","Consumer","United States","0","1","1","4"
"JK-15205","Jamie","Kunitz","Consumer","United States","0","1","1","4"
"NL-18310","Nancy","Lomonaco","Home Office","United States","0","1","1","4"
"JC-15340","Jasper","Cacioppo","Consumer","United States","0","1","1","4"
"MO-17500","Mary","O'Rourke","Consumer","United States","0","1","1","4"
"DL-13330","Denise","Leinenbach","Consumer","United States","0","1","1","4"
"MH-17620","Matt","Hagelstein","Corporate","United States","0","1","1","4"
"RD-19660","Robert","Dilbeck","Home Office","United States","0","1","1","4"
"AB-10600","Ann","Blume","Corporate","United States","0","1","1","4"
"EM-14095","Eudokia","Martin","Corporate","United States","0","1","1","4"
"CR-12730","Craig","Reiter","Consumer","United States","0","1","1","4"
"IG-15085","Ivan","Gibson","Consumer","United States","0","1","1","4"
"RC-19960","Ryan","Crowe","Consumer","United States","0","1","1","4"
"KC-16540","Kelly","Collister","Consumer","United States","0","1","1","4"
"EK-13795","Eileen","Kiefer","Home Office","United States","0","1","1","4"
"AG-10765","Anthony","Garverick","Home Office","United States","0","1","1","4"
"JS-15595","Jill","Stevenson","Corporate","United States","0","1","1","4"
"SV-20815","Stuart","Van","Corporate","United States","0","1","1","4"
"TH-21115","Thea","Hudgings","Corporate","United States","0","1","1","4"
"TG-21640","Trudy","Glocke","Consumer","United States","0","1","1","4"
"BF-11005","Barry","Franz","Home Office","United States","0","1","1","4"
"TB-21175","Thomas","Boland","Corporate","United States","0","1","1","4"
"AG-10300","Aleksandra","Gannaway","Corporate","United States","0","1","1","4"
"CR-12580","Clay","Rozendal","Home Office","United States","0","1","1","4"
"GH-14425","Gary","Hwang","Consumer","United States","0","1","1","4"
"EB-13840","Ellis","Ballard","Corporate","United States","0","1","1","4"
"DA-13450","Dianna","Arnett","Home Office","United States","0","0","1","4"
"BM-11140","Becky","Martin","Consumer","United States","0","0","1","4"
"EN-13780","Edward","Nazzal","Consumer","United States","0","0","1","4"
"MC-17635","Matthew","Clasen","Corporate","United States","0","0","1","4"
"RE-19450","Richard","Eichhorn","Consumer","United States","0","0","1","4"
"EJ-13720","Ed","Jacobs","Consumer","United States","0","0","1","4"
"MT-18070","Michelle","Tran","Home Office","United States","0","0","1","4"
"TP-21565","Tracy","Poddar","Corporate","United States","0","0","1","4"
"VS-21820","Vivek","Sundaresam","Consumer","United States","0","0","1","4"
"AA-10480","Andrew","Allen","Consumer","United States","0","0","1","4"
"DB-12970","Darren","Budd","Corporate","United States","0","0","1","4"
"TB-21595","Troy","Blackwell","Consumer","United States","0","0","1","4"
"LH-17020","Lisa","Hazard","Consumer","United States","0","0","1","4"
"MH-17440","Mark","Haberlin","Corporate","United States","0","0","0","4"
"KW-16570","Kelly","Williams","Consumer","United States","0","0","0","4"
"CM-12715","Craig","Molinari","Corporate","United States","0","0","0","4"
"CC-12685","Craig","Carroll","Consumer","United States","0","0","0","4"
"CS-12490","Cindy","Schnelling","Corporate","United States","0","0","0","4"
"LC-16960","Lindsay","Castell","Home Office","United States","0","0","0","4"
"PF-19120","Peter","Fuller","Consumer","United States","0","0","0","4"
"JH-16180","Justin","Hirsh","Consumer","United States","0","0","0","4"
"MS-17530","MaryBeth","Skach","Consumer","United States","0","0","0","4"
"BT-11440","Bobby","Trafton","Consumer","United States","0","0","0","4"
"AF-10885","Art","Foster","Consumer","United States","0","0","0","4"
"DJ-13420","Denny","Joy","Corporate","United States","0","0","0","4"
"DH-13675","Duane","Huffman","Home Office","United States","0","0","0","4"
"VG-21805","Vivek","Grady","Corporate","United States","0","0","0","4"
"MS-17830","Melanie","Seite","Consumer","United States","0","0","0","4"
"CS-12130","Chad","Sievert","Consumer","United States","0","0","0","4"
"LD-17005","Lisa","DeCherney","Consumer","United States","0","0","0","4"
"JW-16075","Julia","West","Consumer","United States","0","0","0","4"
"SM-20005","Sally","Matthias","Consumer","United States","0","0","0","4"
"AG-10525","Andy","Gerbode","Corporate","United States","0","0","0","4"
"RP-19270","Rachel","Payne","Corporate","United States","0","0","0","4"
"NF-18475","Neil","Französisch","Home Office","United States","0","0","0","4"
"CC-12550","Clay","Cheatham","Consumer","United States","2","2","3","3"
"TM-21490","Tony","Molinari","Consumer","United States","0","2","3","3"
"ML-18040","Michelle","Lonsdale","Corporate","United States","0","1","3","3"
"BF-11080","Bart","Folk","Consumer","United States","1","2","2","3"
"JE-16165","Justin","Ellison","Corporate","United States","1","2","2","3"
"HE-14800","Harold","Engle","Corporate","United States","1","2","2","3"
"JK-16090","Juliana","Krohn","Consumer","United States","1","2","2","3"
"BF-11275","Beth","Fritzler","Corporate","United States","0","2","2","3"
"KB-16405","Katrina","Bavinger","Home Office","United States","0","2","2","3"
"VP-21730","Victor","Preis","Home Office","United States","1","1","2","3"
"SK-19990","Sally","Knutson","Consumer","United States","1","1","2","3"
"CR-12820","Cyra","Reiten","Home Office","United States","0","1","2","3"
"CD-11980","Carol","Darley","Consumer","United States","0","1","2","3"
"LB-16735","Larry","Blacks","Consumer","United States","0","1","2","3"
"EM-14200","Evan","Minnotte","Home Office","United States","0","1","2","3"
"LH-16750","Larry","Hughes","Consumer","United States","0","1","2","3"
"SB-20170","Sarah","Bern","Consumer","United States","0","0","2","3"
"BD-11635","Brian","Derr","Consumer","United States","1","1","1","3"
"PB-18805","Patrick","Bzostek","Home Office","United States","1","1","1","3"
"SG-20080","Sandra","Glassco","Consumer","United States","1","1","1","3"
"DJ-13630","Doug","Jacobs","Consumer","United States","1","1","1","3"
"LT-16765","Larry","Tron","Consumer","United States","1","1","1","3"
"JS-15685","Jim","Sink","Corporate","United States","0","1","1","3"
"SW-20350","Sean","Wendt","Home Office","United States","0","1","1","3"
"PT-19090","Pete","Takahito","Consumer","United States","0","1","1","3"
"RK-19300","Ralph","Kennedy","Consumer","United States","0","1","1","3"
"AJ-10960","Astrea","Jones","Consumer","United States","0","1","1","3"
"GT-14635","Grant","Thornton","Corporate","United States","0","1","1","3"
"GM-14695","Greg","Maxwell","Corporate","United States","0","1","1","3"
"BW-11065","Barry","Weirich","Consumer","United States","0","0","1","3"
"CG-12520","Claire","Gute","Consumer","United States","0","0","1","3"
"KS-16300","Karen","Seio","Corporate","United States","0","0","1","3"
"JD-16060","Julia","Dunbar","Consumer","United States","0","0","1","3"
"LW-17125","Liz","Willingham","Consumer","United States","0","0","1","3"
"JK-15325","Jason","Klamczynski","Corporate","United States","0","0","1","3"
"FW-14395","Fred","Wasserman","Corporate","United States","0","0","1","3"
"AC-10420","Alyssa","Crouse","Corporate","United States","0","0","1","3"
"SG-20890","Susan","Gilcrest","Corporate","United States","0","0","1","3"
"LS-17230","Lycoris","Saunders","Consumer","United States","0","0","0","3"
"MG-17695","Maureen","Gnade","Consumer","United States","0","0","0","3"
"PM-18940","Paul","MacIntyre","Consumer","United States","0","0","0","3"
"CM-12445","Chuck","Magee","Consumer","United States","0","0","0","3"
"DF-13135","David","Flashing","Consumer","United States","0","0","0","3"
"JB-15925","Joni","Blumstein","Consumer","United States","0","0","0","3"
"TT-21265","Tim","Taslimi","Corporate","United States","0","0","0","3"
"CH-12070","Cathy","Hwang","Home Office","United States","0","0","0","3"
"JG-15115","Jack","Garza","Consumer","United States","0","0","0","3"
"CR-12625","Corey","Roper","Home Office","United States","0","0","0","3"
"SS-20515","Shirley","Schmidt","Home Office","United States","0","0","0","3"
"HD-14785","Harold","Dahlen","Home Office","United States","0","0","0","3"
"RH-19600","Rob","Haberlin","Consumer","United States","0","0","0","3"
"BS-11665","Brian","Stugart","Consumer","United States","0","0","0","3"
"ER-13855","Elpida","Rittenbach","Corporate","United States","0","0","0","3"
"DM-13525","Don","Miller","Corporate","United States","0","0","0","3"
"AB-10015","Aaron","Bergman","Consumer","United States","0","0","0","3"
"CS-12460","Chuck","Sachs","Consumer","United States","1","2","2","2"
"CD-12280","Christina","DeMoss","Consumer","United States","0","2","2","2"
"GH-14665","Greg","Hansen","Consumer","United States","1","1","1","2"
"DK-13150","David","Kendrick","Corporate","United States","1","1","1","2"
"RS-19870","Roy","Skaria","Home Office","United States","1","1","1","2"
"RR-19315","Ralph","Ritter","Consumer","United States","1","1","1","2"
"ML-18265","Muhammed","Lee","Consumer","United States","0","1","1","2"
"MO-17950","Michael","Oakman","Consumer","United States","0","1","1","2"
"RB-19330","Randy","Bradley","Consumer","United States","0","1","1","2"
"BO-11425","Bobby","Odegard","Consumer","United States","0","1","1","2"
"EL-13735","Ed","Ludwig","Home Office","United States","0","1","1","2"
"AS-10135","Adrian","Shami","Home Office","United States","0","1","1","2"
"HH-15010","Hilary","Holden","Corporate","United States","0","1","1","2"
"MW-18235","Mitch","Willingham","Corporate","United States","0","1","1","2"
"TS-21085","Thais","Sissman","Consumer","United States","0","0","1","2"
"BD-11560","Brendan","Dodson","Home Office","United States","0","0","1","2"
"BS-11800","Bryan","Spruell","Home Office","United States","0","0","1","2"
"BT-11485","Brad","Thomas","Home Office","United States","0","0","0","2"
"VT-21700","Valerie","Takahito","Home Office","United States","0","0","0","2"
"PB-19210","Phillip","Breyer","Corporate","United States","0","0","0","2"
"IM-15055","Ionia","McGrath","Consumer","United States","0","0","0","2"
"DP-13165","David","Philippe","Consumer","United States","0","0","0","2"
"PC-19000","Pauline","Chand","Home Office","United States","0","0","0","2"
"CM-11935","Carlos","Meador","Consumer","United States","0","0","0","2"
"RH-19555","Ritsa","Hightower","Consumer","United States","0","0","0","2"
"GP-14740","Guy","Phonely","Corporate","United States","0","0","0","2"
"GH-14485","Gene","Hale","Corporate","United States","0","0","0","2"
"JJ-15760","Joel","Jenkins","Home Office","United States","0","0","0","2"
"SW-20755","Steven","Ward","Corporate","United States","0","0","0","2"
"NB-18580","Nicole","Brennan","Corporate","United States","0","0","0","2"
"SH-20635","Stefanie","Holloman","Corporate","United States","0","0","0","2"
"PK-18910","Paul","Knutson","Home Office","United States","0","0","0","2"
"JR-15670","Jim","Radford","Consumer","United States","0","0","0","2"
"GR-14560","Georgia","Rosenberg","Corporate","United States","0","0","0","2"
"PH-18790","Patricia","Hirasaki","Home Office","United States","0","1","1","1"
"JC-15385","Jenna","Caffey","Consumer","United States","0","1","1","1"
"TC-21145","Theresa","Coyne","Corporate","United States","0","1","1","1"
"JR-15700","Jocasta","Rupert","Consumer","United States","0","1","1","1"
"RM-19750","Roland","Murray","Consumer","United States","0","0","1","1"
"MG-18205","Mitch","Gastineau","Corporate","United States","0","0","1","1"
"CJ-11875","Carl","Jackson","Corporate","United States","0","0","1","1"
"SM-20905","Susan","MacKendrick","Consumer","United States","0","0","0","1"
"SC-20845","Sung","Chung","Consumer","United States","0","0","0","1"
"RE-19405","Ricardo","Emerson","Consumer","United States","0","0","0","1"
"LD-16855","Lela","Donovan","Corporate","United States","0","0","0","1"
"AR-10570","Anemone","Ratner","Consumer","United States","0","0","0","1"
"AO-10810","Anthony","O'Donnell","Corporate","United States","0","0","0","1"
